"Date","Price","Open","High","Low","Vol.","Change %"
"Dec 30, 2005","35,704.00","35,887.00","35,957.00","35,628.00","-","-0.70%"
"Dec 29, 2005","35,957.00","35,949.00","36,056.00","35,866.00","-","0.25%"
"Dec 28, 2005","35,866.00","35,845.00","35,922.00","35,731.00","-","0.06%"
"Dec 27, 2005","35,845.00","35,772.00","35,898.00","35,732.00","-","0.29%"
"Dec 26, 2005","35,740.00","35,740.00","35,740.00","35,740.00","-","0.00%"
"Dec 23, 2005","35,740.00","35,911.00","35,958.00","35,697.00","-","-0.27%"
"Dec 22, 2005","35,836.00","35,780.00","35,846.00","35,733.00","-","0.09%"
"Dec 21, 2005","35,803.00","35,604.00","35,803.00","35,538.00","-","0.75%"
"Dec 20, 2005","35,538.00","35,292.00","35,571.00","35,269.00","-","0.54%"
"Dec 19, 2005","35,347.00","35,286.00","35,377.00","35,188.00","-","0.17%"
"Dec 16, 2005","35,286.00","34,906.00","35,287.00","34,906.00","-","0.76%"
"Dec 15, 2005","35,021.00","35,024.00","35,100.00","34,923.00","-","0.05%"
"Dec 14, 2005","35,002.00","35,019.00","35,032.00","34,887.00","-","0.09%"
"Dec 13, 2005","34,972.00","34,916.00","34,996.00","34,831.00","-","0.25%"
"Dec 12, 2005","34,886.00","34,916.00","35,046.00","34,811.00","-","0.22%"
"Dec 09, 2005","34,811.00","34,817.00","34,868.00","34,679.00","-","-0.16%"
"Dec 08, 2005","34,868.00","34,675.00","34,868.00","34,623.00","-","0.22%"
"Dec 07, 2005","34,790.00","34,873.00","34,955.00","34,706.00","-","-0.05%"
"Dec 06, 2005","34,806.00","34,652.00","34,898.00","34,650.00","-","0.45%"
"Dec 05, 2005","34,650.00","34,777.00","34,845.00","34,559.00","-","-0.27%"
"Dec 02, 2005","34,745.00","34,705.00","34,748.00","34,585.00","-","0.46%"
"Dec 01, 2005","34,585.00","34,152.00","34,585.00","34,090.00","-","1.45%"
"Nov 30, 2005","34,090.00","34,254.00","34,307.00","34,090.00","-","-0.63%"
"Nov 29, 2005","34,307.00","34,101.00","34,406.00","34,101.00","-","0.15%"
"Nov 28, 2005","34,256.00","34,527.00","34,639.00","34,256.00","-","-0.52%"
"Nov 25, 2005","34,436.00","34,393.00","34,463.00","34,349.00","-","0.22%"
"Nov 24, 2005","34,360.00","34,423.00","34,485.00","34,313.00","-","-0.15%"
"Nov 23, 2005","34,411.00","34,276.00","34,411.00","34,163.00","-","0.61%"
"Nov 22, 2005","34,203.00","34,200.00","34,216.00","34,080.00","-","0.16%"
"Nov 21, 2005","34,150.00","34,071.00","34,192.00","33,973.00","-","0.35%"
"Nov 18, 2005","34,030.00","34,210.00","34,210.00","33,888.00","-","0.42%"
"Nov 17, 2005","33,888.00","33,811.00","33,973.00","33,684.00","-","0.61%"
"Nov 16, 2005","33,684.00","33,673.00","33,743.00","33,578.00","-","-0.16%"
"Nov 15, 2005","33,739.00","33,685.00","33,802.00","33,577.00","-","0.15%"
"Nov 14, 2005","33,690.00","33,770.00","33,864.00","33,642.00","-","-0.15%"
"Nov 11, 2005","33,740.00","33,607.00","33,740.00","33,352.00","-","1.16%"
"Nov 10, 2005","33,352.00","33,516.00","33,557.00","33,240.00","-","-0.23%"
"Nov 09, 2005","33,429.00","33,333.00","33,506.00","33,181.00","-","0.28%"
"Nov 08, 2005","33,334.00","33,503.00","33,567.00","33,193.00","-","-0.36%"
"Nov 07, 2005","33,454.00","33,369.00","33,533.00","33,179.00","-","0.35%"
"Nov 04, 2005","33,337.00","33,334.00","33,433.00","33,238.00","-","-0.09%"
"Nov 03, 2005","33,366.00","33,119.00","33,389.00","32,937.00","-","1.30%"
"Nov 02, 2005","32,937.00","32,730.00","32,937.00","32,568.00","-","0.60%"
"Nov 01, 2005","32,742.00","32,708.00","32,896.00","32,648.00","-","-0.12%"
"Oct 31, 2005","32,782.00","32,183.00","32,782.00","32,183.00","-","1.86%"
"Oct 28, 2005","32,183.00","32,058.00","32,314.00","31,732.00","-","0.21%"
"Oct 27, 2005","32,114.00","32,688.00","32,827.00","32,080.00","-","-2.17%"
"Oct 26, 2005","32,827.00","32,789.00","32,972.00","32,641.00","-","0.50%"
"Oct 25, 2005","32,664.00","32,947.00","32,948.00","32,664.00","-","-0.35%"
"Oct 24, 2005","32,778.00","32,501.00","32,778.00","32,352.00","-","1.00%"
"Oct 21, 2005","32,454.00","32,033.00","32,527.00","32,033.00","-","0.36%"
"Oct 20, 2005","32,336.00","32,682.00","32,753.00","32,244.00","-","0.18%"
"Oct 19, 2005","32,279.00","32,647.00","32,859.00","32,238.00","-","-1.77%"
"Oct 18, 2005","32,859.00","33,304.00","33,307.00","32,857.00","-","-1.08%"
"Oct 17, 2005","33,219.00","33,372.00","33,410.00","33,176.00","-","0.02%"
"Oct 14, 2005","33,214.00","33,270.00","33,382.00","32,932.00","-","0.45%"
"Oct 13, 2005","33,066.00","33,365.00","33,474.00","32,947.00","-","-1.01%"
"Oct 12, 2005","33,403.00","33,499.00","33,668.00","33,403.00","-","-0.59%"
"Oct 11, 2005","33,602.00","33,683.00","33,804.00","33,559.00","-","-0.10%"
"Oct 10, 2005","33,635.00","33,781.00","33,990.00","33,620.00","-","0.04%"
"Oct 07, 2005","33,620.00","33,699.00","33,873.00","33,557.00","-","-0.73%"
"Oct 06, 2005","33,867.00","33,859.00","34,136.00","33,642.00","-","-0.79%"
"Oct 05, 2005","34,136.00","34,459.00","34,654.00","34,136.00","-","-1.49%"
"Oct 04, 2005","34,654.00","34,883.00","34,883.00","34,581.00","-","-0.63%"
"Oct 03, 2005","34,874.00","34,851.00","34,878.00","34,771.00","-","0.28%"
"Sep 30, 2005","34,775.00","34,981.00","34,995.00","34,687.00","-","0.01%"
"Sep 29, 2005","34,773.00","34,894.00","34,948.00","34,748.00","-","-0.28%"
"Sep 28, 2005","34,871.00","34,664.00","34,914.00","34,600.00","-","0.78%"
"Sep 27, 2005","34,600.00","34,673.00","34,752.00","34,576.00","-","-0.27%"
"Sep 26, 2005","34,692.00","34,406.00","34,692.00","34,238.00","-","1.33%"
"Sep 23, 2005","34,238.00","34,265.00","34,322.00","34,148.00","-","0.17%"
"Sep 22, 2005","34,179.00","34,345.00","34,419.00","34,133.00","-","-0.70%"
"Sep 21, 2005","34,419.00","34,495.00","34,574.00","34,386.00","-","-0.39%"
"Sep 20, 2005","34,555.00","34,568.00","34,665.00","34,485.00","-","0.08%"
"Sep 19, 2005","34,527.00","34,538.00","34,590.00","34,367.00","-","-0.03%"
"Sep 16, 2005","34,538.00","34,407.00","34,602.00","34,286.00","-","0.73%"
"Sep 15, 2005","34,286.00","34,296.00","34,411.00","34,245.00","-","-0.10%"
"Sep 14, 2005","34,320.00","34,085.00","34,338.00","34,074.00","-","0.72%"
"Sep 13, 2005","34,074.00","34,287.00","34,288.00","34,052.00","-","-0.62%"
"Sep 12, 2005","34,288.00","34,442.00","34,442.00","34,233.00","-","0.16%"
"Sep 09, 2005","34,233.00","34,222.00","34,291.00","34,074.00","-","0.20%"
"Sep 08, 2005","34,166.00","34,085.00","34,218.00","34,046.00","-","0.22%"
"Sep 07, 2005","34,092.00","34,068.00","34,114.00","33,931.00","-","0.31%"
"Sep 06, 2005","33,987.00","33,817.00","33,987.00","33,803.00","-","0.54%"
"Sep 05, 2005","33,805.00","33,669.00","33,811.00","33,667.00","-","0.41%"
"Sep 02, 2005","33,667.00","33,653.00","33,769.00","33,592.00","-","-0.05%"
"Sep 01, 2005","33,684.00","33,607.00","33,768.00","33,520.00","-","0.49%"
"Aug 31, 2005","33,520.00","33,174.00","33,520.00","33,144.00","-","1.13%"
"Aug 30, 2005","33,144.00","33,266.00","33,337.00","33,115.00","-","-0.19%"
"Aug 29, 2005","33,207.00","32,997.00","33,244.00","32,980.00","-","0.41%"
"Aug 26, 2005","33,073.00","33,404.00","33,546.00","33,063.00","-","-0.97%"
"Aug 25, 2005","33,396.00","33,490.00","33,647.00","33,396.00","-","-0.75%"
"Aug 24, 2005","33,647.00","33,387.00","33,665.00","33,351.00","-","0.66%"
"Aug 23, 2005","33,428.00","33,648.00","33,733.00","33,428.00","-","-0.90%"
"Aug 22, 2005","33,733.00","33,725.00","33,812.00","33,701.00","-","0.03%"
"Aug 19, 2005","33,724.00","33,329.00","33,724.00","33,234.00","-","1.47%"
"Aug 18, 2005","33,234.00","33,489.00","33,495.00","33,201.00","-","-0.78%"
"Aug 17, 2005","33,495.00","33,531.00","33,600.00","33,348.00","-","-0.31%"
"Aug 16, 2005","33,600.00","33,867.00","33,867.00","33,534.00","-","-0.54%"
"Aug 15, 2005","33,783.00","33,783.00","33,783.00","33,783.00","-","0.00%"
"Aug 12, 2005","33,783.00","34,086.00","34,086.00","33,783.00","-","-0.41%"
"Aug 11, 2005","33,922.00","33,941.00","34,027.00","33,822.00","-","-0.31%"
"Aug 10, 2005","34,027.00","33,786.00","34,043.00","33,753.00","-","0.81%"
"Aug 09, 2005","33,753.00","33,532.00","33,753.00","33,495.00","-","0.61%"
"Aug 08, 2005","33,547.00","33,381.00","33,618.00","33,335.00","-","0.64%"
"Aug 05, 2005","33,335.00","33,371.00","33,582.00","33,335.00","-","-0.50%"
"Aug 04, 2005","33,501.00","33,846.00","33,896.00","33,492.00","-","-1.17%"
"Aug 03, 2005","33,896.00","33,938.00","33,957.00","33,795.00","-","-0.10%"
"Aug 02, 2005","33,931.00","33,675.00","33,931.00","33,617.00","-","0.93%"
"Aug 01, 2005","33,617.00","33,704.00","33,782.00","33,571.00","-","-0.23%"
"Jul 29, 2005","33,693.00","33,859.00","33,896.00","33,614.00","-","-0.24%"
"Jul 28, 2005","33,774.00","33,736.00","33,813.00","33,658.00","-","0.34%"
"Jul 27, 2005","33,658.00","33,648.00","33,754.00","33,623.00","-","0.08%"
"Jul 26, 2005","33,630.00","33,567.00","33,694.00","33,416.00","-","0.05%"
"Jul 25, 2005","33,614.00","33,646.00","33,678.00","33,433.00","-","0.22%"
"Jul 22, 2005","33,540.00","33,446.00","33,596.00","33,408.00","-","0.20%"
"Jul 21, 2005","33,474.00","33,594.00","33,700.00","33,349.00","-","0.03%"
"Jul 20, 2005","33,465.00","33,548.00","33,679.00","33,398.00","-","-0.40%"
"Jul 19, 2005","33,601.00","33,243.00","33,601.00","33,228.00","-","1.12%"
"Jul 18, 2005","33,228.00","33,216.00","33,377.00","33,105.00","-","0.19%"
"Jul 15, 2005","33,164.00","33,278.00","33,316.00","33,096.00","-","-0.46%"
"Jul 14, 2005","33,316.00","33,233.00","33,410.00","33,124.00","-","0.58%"
"Jul 13, 2005","33,124.00","32,937.00","33,129.00","32,843.00","-","0.86%"
"Jul 12, 2005","32,843.00","32,988.00","32,994.00","32,797.00","-","-0.43%"
"Jul 11, 2005","32,985.00","32,826.00","33,029.00","32,769.00","-","0.66%"
"Jul 08, 2005","32,769.00","32,458.00","32,769.00","32,185.00","-","1.81%"
"Jul 07, 2005","32,185.00","32,675.00","32,731.00","31,248.00","-","-1.67%"
"Jul 06, 2005","32,731.00","32,668.00","32,769.00","32,553.00","-","0.55%"
"Jul 05, 2005","32,553.00","32,636.00","32,697.00","32,357.00","-","-0.30%"
"Jul 04, 2005","32,650.00","32,611.00","32,655.00","32,525.00","-","0.36%"
"Jul 01, 2005","32,532.00","32,286.00","32,532.00","32,253.00","-","0.58%"
"Jun 30, 2005","32,343.00","32,185.00","32,444.00","32,185.00","-","0.49%"
"Jun 29, 2005","32,185.00","32,076.00","32,283.00","32,038.00","-","0.46%"
"Jun 28, 2005","32,038.00","31,819.00","32,047.00","31,734.00","-","0.96%"
"Jun 27, 2005","31,734.00","31,927.00","32,057.00","31,633.00","-","-1.01%"
"Jun 24, 2005","32,057.00","32,188.00","32,390.00","32,041.00","-","-1.03%"
"Jun 23, 2005","32,390.00","32,431.00","32,498.00","32,235.00","-","0.02%"
"Jun 22, 2005","32,385.00","32,460.00","32,522.00","32,337.00","-","-0.10%"
"Jun 21, 2005","32,419.00","32,321.00","32,507.00","32,281.00","-","0.43%"
"Jun 20, 2005","32,281.00","32,758.00","32,758.00","32,232.00","-","-1.46%"
"Jun 17, 2005","32,758.00","32,928.00","32,928.00","32,688.00","-","0.08%"
"Jun 16, 2005","32,732.00","32,741.00","32,806.00","32,597.00","-","0.34%"
"Jun 15, 2005","32,622.00","32,660.00","32,802.00","32,600.00","-","-0.13%"
"Jun 14, 2005","32,663.00","32,651.00","32,709.00","32,516.00","-","0.18%"
"Jun 13, 2005","32,603.00","32,419.00","32,611.00","32,378.00","-","0.69%"
"Jun 10, 2005","32,378.00","32,399.00","32,486.00","32,278.00","-","0.31%"
"Jun 09, 2005","32,278.00","32,137.00","32,306.00","32,089.00","-","0.27%"
"Jun 08, 2005","32,192.00","32,104.00","32,230.00","32,036.00","-","0.12%"
"Jun 07, 2005","32,153.00","31,956.00","32,168.00","31,859.00","-","0.92%"
"Jun 06, 2005","31,859.00","31,976.00","32,108.00","31,838.00","-","-0.31%"
"Jun 03, 2005","31,958.00","32,174.00","32,277.00","31,913.00","-","-0.56%"
"Jun 02, 2005","32,139.00","32,073.00","32,193.00","32,037.00","-","0.09%"
"Jun 01, 2005","32,111.00","31,792.00","32,111.00","31,739.00","-","1.17%"
"May 31, 2005","31,739.00","31,881.00","31,881.00","31,733.00","-","-0.44%"
"May 30, 2005","31,878.00","31,709.00","31,878.00","31,661.00","-","0.55%"
"May 27, 2005","31,703.00","31,828.00","31,828.00","31,585.00","-","-0.20%"
"May 26, 2005","31,765.00","31,621.00","31,827.00","31,564.00","-","0.64%"
"May 25, 2005","31,564.00","31,496.00","31,689.00","31,496.00","-","0.10%"
"May 24, 2005","31,532.00","31,626.00","31,631.00","31,440.00","-","-0.16%"
"May 23, 2005","31,583.00","31,302.00","31,676.00","31,249.00","-","-0.29%"
"May 20, 2005","31,676.00","31,550.00","31,736.00","31,550.00","-","0.13%"
"May 19, 2005","31,635.00","31,640.00","31,679.00","31,513.00","-","0.22%"
"May 18, 2005","31,567.00","31,143.00","31,575.00","31,060.00","-","1.63%"
"May 17, 2005","31,060.00","31,413.00","31,425.00","31,016.00","-","-0.87%"
"May 16, 2005","31,333.00","31,354.00","31,417.00","31,262.00","-","-0.13%"
"May 13, 2005","31,373.00","31,195.00","31,373.00","31,189.00","-","0.11%"
"May 12, 2005","31,337.00","31,240.00","31,394.00","31,116.00","-","0.71%"
"May 11, 2005","31,116.00","31,021.00","31,227.00","30,957.00","-","0.26%"
"May 10, 2005","31,036.00","31,372.00","31,464.00","31,036.00","-","-0.99%"
"May 09, 2005","31,345.00","31,390.00","31,412.00","31,262.00","-","-0.21%"
"May 06, 2005","31,412.00","31,319.00","31,435.00","31,245.00","-","-0.07%"
"May 05, 2005","31,435.00","31,401.00","31,456.00","31,266.00","-","0.54%"
"May 04, 2005","31,266.00","31,281.00","31,301.00","31,126.00","-","0.13%"
"May 03, 2005","31,224.00","31,178.00","31,239.00","31,071.00","-","0.24%"
"May 02, 2005","31,150.00","31,019.00","31,225.00","30,911.00","-","0.77%"
"Apr 29, 2005","30,911.00","30,713.00","31,047.00","30,713.00","-","0.23%"
"Apr 28, 2005","30,841.00","31,037.00","31,062.00","30,742.00","-","-0.34%"
"Apr 27, 2005","30,946.00","31,202.00","31,322.00","30,817.00","-","-1.20%"
"Apr 26, 2005","31,322.00","31,414.00","31,414.00","31,143.00","-","-0.13%"
"Apr 25, 2005","31,364.00","31,297.00","31,381.00","31,206.00","-","0.12%"
"Apr 22, 2005","31,325.00","31,442.00","31,442.00","31,161.00","-","0.53%"
"Apr 21, 2005","31,161.00","30,862.00","31,287.00","30,862.00","-","0.44%"
"Apr 20, 2005","31,025.00","31,250.00","31,281.00","30,911.00","-","-0.20%"
"Apr 19, 2005","31,087.00","31,258.00","31,263.00","31,052.00","-","0.11%"
"Apr 18, 2005","31,052.00","31,221.00","31,816.00","30,724.00","-","-2.40%"
"Apr 15, 2005","31,816.00","32,597.00","32,597.00","31,816.00","-","-2.37%"
"Apr 14, 2005","32,587.00","32,580.00","32,698.00","32,524.00","-","-0.34%"
"Apr 13, 2005","32,698.00","32,768.00","32,850.00","32,669.00","-","0.09%"
"Apr 12, 2005","32,669.00","32,909.00","32,916.00","32,648.00","-","-0.56%"
"Apr 11, 2005","32,852.00","32,680.00","32,944.00","32,680.00","-","0.12%"
"Apr 08, 2005","32,812.00","32,943.00","32,964.00","32,755.00","-","-0.13%"
"Apr 07, 2005","32,856.00","32,525.00","32,856.00","32,508.00","-","1.07%"
"Apr 06, 2005","32,508.00","32,418.00","32,527.00","32,385.00","-","0.38%"
"Apr 05, 2005","32,385.00","32,473.00","32,476.00","32,242.00","-","0.09%"
"Apr 04, 2005","32,355.00","32,456.00","32,481.00","32,237.00","-","-0.39%"
"Apr 01, 2005","32,481.00","32,329.00","32,588.00","32,302.00","-","0.55%"
"Mar 31, 2005","32,302.00","32,432.00","32,446.00","32,206.00","-","0.30%"
"Mar 30, 2005","32,206.00","32,060.00","32,246.00","31,998.00","-","0.08%"
"Mar 29, 2005","32,181.00","32,060.00","32,190.00","31,935.00","-","0.21%"
"Mar 28, 2005","32,115.00","32,115.00","32,115.00","32,115.00","-","0.00%"
"Mar 25, 2005","32,115.00","32,115.00","32,115.00","32,115.00","-","0.00%"
"Mar 24, 2005","32,115.00","31,909.00","32,149.00","31,889.00","-","0.66%"
"Mar 23, 2005","31,905.00","31,965.00","31,965.00","31,685.00","-","-0.19%"
"Mar 22, 2005","31,965.00","31,943.00","32,017.00","31,725.00","-","0.11%"
"Mar 21, 2005","31,929.00","31,868.00","32,036.00","31,864.00","-","0.19%"
"Mar 18, 2005","31,868.00","31,630.00","31,868.00","31,630.00","-","0.72%"
"Mar 17, 2005","31,639.00","31,601.00","31,679.00","31,494.00","-","0.20%"
"Mar 16, 2005","31,577.00","31,893.00","31,966.00","31,577.00","-","-1.22%"
"Mar 15, 2005","31,966.00","31,717.00","31,983.00","31,717.00","-","0.79%"
"Mar 14, 2005","31,717.00","31,680.00","31,773.00","31,596.00","-","0.12%"
"Mar 11, 2005","31,680.00","31,702.00","31,886.00","31,643.00","-","-0.07%"
"Mar 10, 2005","31,702.00","31,963.00","31,963.00","31,664.00","-","-0.82%"
"Mar 09, 2005","31,963.00","32,048.00","32,263.00","31,893.00","-","-0.27%"
"Mar 08, 2005","32,048.00","32,236.00","32,236.00","32,020.00","-","-0.58%"
"Mar 07, 2005","32,236.00","32,160.00","32,311.00","32,160.00","-","0.24%"
"Mar 04, 2005","32,160.00","31,902.00","32,165.00","31,855.00","-","0.81%"
"Mar 03, 2005","31,902.00","31,933.00","32,028.00","31,826.00","-","-0.10%"
"Mar 02, 2005","31,933.00","31,949.00","31,980.00","31,718.00","-","-0.05%"
"Mar 01, 2005","31,949.00","31,850.00","32,023.00","31,770.00","-","0.31%"
"Feb 28, 2005","31,850.00","31,744.00","31,911.00","31,727.00","-","0.33%"
"Feb 25, 2005","31,744.00","31,403.00","31,744.00","31,403.00","-","1.09%"
"Feb 24, 2005","31,403.00","31,400.00","31,489.00","31,247.00","-","0.01%"
"Feb 23, 2005","31,400.00","31,507.00","31,507.00","31,170.00","-","-0.34%"
"Feb 22, 2005","31,507.00","31,675.00","31,702.00","31,299.00","-","-0.53%"
"Feb 21, 2005","31,675.00","32,008.00","32,057.00","31,632.00","-","-1.04%"
"Feb 18, 2005","32,008.00","32,161.00","32,229.00","31,995.00","-","-0.48%"
"Feb 17, 2005","32,161.00","32,142.00","32,283.00","32,138.00","-","0.06%"
"Feb 16, 2005","32,142.00","32,371.00","32,371.00","32,089.00","-","-0.71%"
"Feb 15, 2005","32,371.00","32,307.00","32,402.00","32,284.00","-","0.20%"
"Feb 14, 2005","32,307.00","32,328.00","32,410.00","32,242.00","-","-0.06%"
"Feb 11, 2005","32,328.00","32,134.00","32,328.00","32,134.00","-","0.60%"
"Feb 10, 2005","32,134.00","32,101.00","32,270.00","32,098.00","-","0.10%"
"Feb 09, 2005","32,101.00","32,176.00","32,296.00","32,040.00","-","-0.23%"
"Feb 08, 2005","32,176.00","32,039.00","32,186.00","31,976.00","-","0.43%"
"Feb 07, 2005","32,039.00","31,896.00","32,094.00","31,896.00","-","0.45%"
"Feb 04, 2005","31,896.00","31,537.00","31,907.00","31,537.00","-","1.14%"
"Feb 03, 2005","31,537.00","31,563.00","31,654.00","31,465.00","-","-0.08%"
"Feb 02, 2005","31,563.00","31,515.00","31,609.00","31,498.00","-","0.15%"
"Feb 01, 2005","31,515.00","31,334.00","31,515.00","31,302.00","-","0.58%"
"Jan 31, 2005","31,334.00","31,008.00","31,363.00","31,008.00","-","1.05%"
"Jan 28, 2005","31,008.00","31,129.00","31,183.00","31,003.00","-","-0.39%"
"Jan 27, 2005","31,129.00","31,164.00","31,202.00","30,958.00","-","-0.11%"
"Jan 26, 2005","31,164.00","31,221.00","31,268.00","31,105.00","-","-0.18%"
"Jan 25, 2005","31,221.00","31,042.00","31,224.00","30,974.00","-","0.58%"
"Jan 24, 2005","31,042.00","31,190.00","31,190.00","30,959.00","-","-0.47%"
"Jan 21, 2005","31,190.00","31,132.00","31,236.00","31,069.00","-","0.19%"
"Jan 20, 2005","31,132.00","31,221.00","31,221.00","31,017.00","-","-0.29%"
"Jan 19, 2005","31,221.00","31,094.00","31,281.00","31,094.00","-","0.41%"
"Jan 18, 2005","31,094.00","31,126.00","31,171.00","30,972.00","-","-0.10%"
"Jan 17, 2005","31,126.00","31,056.00","31,165.00","31,056.00","-","0.23%"
"Jan 14, 2005","31,056.00","30,863.00","31,066.00","30,768.00","-","0.63%"
"Jan 13, 2005","30,863.00","30,645.00","30,887.00","30,645.00","-","0.71%"
"Jan 12, 2005","30,645.00","30,740.00","30,839.00","30,569.00","-","-0.31%"
"Jan 11, 2005","30,740.00","31,134.00","31,134.00","30,704.00","-","-1.27%"
"Jan 10, 2005","31,134.00","31,128.00","31,196.00","31,079.00","-","0.02%"
"Jan 07, 2005","31,128.00","31,073.00","31,204.00","31,039.00","-","0.18%"
"Jan 06, 2005","31,073.00","30,976.00","31,089.00","30,967.00","-","0.31%"
"Jan 05, 2005","30,976.00","31,094.00","31,094.00","30,881.00","-","-0.38%"
"Jan 04, 2005","31,094.00","31,005.00","31,143.00","30,962.00","-","0.29%"
"Jan 03, 2005","31,005.00","30,903.00","31,131.00","30,885.00","-","0.33%"
"Dec 31, 2004","30,903.00","30,903.00","30,903.00","30,903.00","-","0.00%"
"Dec 30, 2004","30,903.00","30,888.00","30,961.00","30,850.00","-","0.05%"
"Dec 29, 2004","30,888.00","30,904.00","30,955.00","30,842.00","-","-0.05%"
"Dec 28, 2004","30,904.00","30,824.00","30,904.00","30,786.00","-","0.26%"
"Dec 27, 2004","30,824.00","30,867.00","30,884.00","30,813.00","-","-0.14%"
"Dec 24, 2004","30,867.00","30,867.00","30,867.00","30,867.00","-","0.00%"
"Dec 23, 2004","30,867.00","30,771.00","30,880.00","30,722.00","-","0.31%"
"Dec 22, 2004","30,771.00","30,548.00","30,783.00","30,548.00","-","0.73%"
"Dec 21, 2004","30,548.00","30,468.00","30,601.00","30,468.00","-","0.26%"
"Dec 20, 2004","30,468.00","30,273.00","30,556.00","30,273.00","-","0.64%"
"Dec 17, 2004","30,273.00","30,399.00","30,577.00","30,189.00","-","-0.41%"
"Dec 16, 2004","30,399.00","30,356.00","30,434.00","30,340.00","-","0.14%"
"Dec 15, 2004","30,356.00","30,408.00","30,448.00","30,333.00","-","-0.17%"
"Dec 14, 2004","30,408.00","30,343.00","30,465.00","30,343.00","-","0.21%"
"Dec 13, 2004","30,343.00","30,253.00","30,362.00","30,235.00","-","0.30%"
"Dec 10, 2004","30,253.00","30,071.00","30,259.00","30,071.00","-","0.61%"
"Dec 09, 2004","30,071.00","30,272.00","30,334.00","30,031.00","-","-0.66%"
"Dec 08, 2004","30,272.00","30,173.00","30,388.00","30,173.00","-","0.33%"
"Dec 07, 2004","30,173.00","30,003.00","30,231.00","29,990.00","-","0.57%"
"Dec 06, 2004","30,003.00","29,908.00","30,004.00","29,831.00","-","0.32%"
"Dec 03, 2004","29,908.00","29,969.00","30,068.00","29,846.00","-","-0.20%"
"Dec 02, 2004","29,969.00","29,917.00","30,024.00","29,888.00","-","0.17%"
"Dec 01, 2004","29,917.00","29,615.00","29,952.00","29,563.00","-","1.02%"
"Nov 30, 2004","29,615.00","29,680.00","29,766.00","29,545.00","-","-0.22%"
"Nov 29, 2004","29,680.00","29,771.00","29,965.00","29,680.00","-","-0.31%"
"Nov 26, 2004","29,771.00","29,841.00","29,841.00","29,698.00","-","-0.23%"
"Nov 25, 2004","29,841.00","29,673.00","29,845.00","29,673.00","-","0.57%"
"Nov 24, 2004","29,673.00","29,589.00","29,749.00","29,589.00","-","0.28%"
"Nov 23, 2004","29,589.00","29,631.00","29,803.00","29,576.00","-","-0.14%"
"Nov 22, 2004","29,631.00","29,718.00","29,718.00","29,477.00","-","-0.29%"
"Nov 19, 2004","29,718.00","29,862.00","30,044.00","29,718.00","-","-0.48%"
"Nov 18, 2004","29,862.00","29,831.00","29,886.00","29,731.00","-","0.10%"
"Nov 17, 2004","29,831.00","29,418.00","29,831.00","29,418.00","-","1.40%"
"Nov 16, 2004","29,418.00","29,642.00","29,699.00","29,399.00","-","-0.76%"
"Nov 15, 2004","29,642.00","29,724.00","29,848.00","29,586.00","-","-0.28%"
"Nov 12, 2004","29,724.00","29,690.00","29,784.00","29,605.00","-","0.11%"
"Nov 11, 2004","29,690.00","29,393.00","29,690.00","29,331.00","-","1.01%"
"Nov 10, 2004","29,393.00","29,377.00","29,533.00","29,317.00","-","0.05%"
"Nov 09, 2004","29,377.00","29,442.00","29,468.00","29,309.00","-","-0.22%"
"Nov 08, 2004","29,442.00","29,330.00","29,468.00","29,238.00","-","0.38%"
"Nov 05, 2004","29,330.00","29,214.00","29,465.00","29,214.00","-","0.40%"
"Nov 04, 2004","29,214.00","29,115.00","29,214.00","29,050.00","-","0.34%"
"Nov 03, 2004","29,115.00","29,061.00","29,240.00","29,061.00","-","0.19%"
"Nov 02, 2004","29,061.00","28,971.00","29,084.00","28,947.00","-","0.31%"
"Nov 01, 2004","28,971.00","28,681.00","28,980.00","28,663.00","-","1.01%"
"Oct 29, 2004","28,681.00","28,754.00","28,846.00","28,661.00","-","-0.25%"
"Oct 28, 2004","28,754.00","28,562.00","28,759.00","28,562.00","-","0.67%"
"Oct 27, 2004","28,562.00","28,233.00","28,580.00","28,233.00","-","1.17%"
"Oct 26, 2004","28,233.00","28,193.00","28,319.00","28,189.00","-","0.14%"
"Oct 25, 2004","28,193.00","28,520.00","28,520.00","28,115.00","-","-1.15%"
"Oct 22, 2004","28,520.00","28,460.00","28,621.00","28,444.00","-","0.21%"
"Oct 21, 2004","28,460.00","28,320.00","28,481.00","28,252.00","-","0.49%"
"Oct 20, 2004","28,320.00","28,487.00","28,487.00","28,216.00","-","-0.59%"
"Oct 19, 2004","28,487.00","28,281.00","28,556.00","28,281.00","-","0.73%"
"Oct 18, 2004","28,281.00","28,343.00","28,409.00","28,230.00","-","-0.20%"
"Oct 15, 2004","28,338.00","28,366.00","28,387.00","28,219.00","-","-0.10%"
"Oct 14, 2004","28,366.00","28,457.00","28,461.00","28,337.00","-","-0.32%"
"Oct 13, 2004","28,457.00","28,388.00","28,580.00","28,388.00","-","0.24%"
"Oct 12, 2004","28,388.00","28,579.00","28,579.00","28,303.00","-","-0.67%"
"Oct 11, 2004","28,579.00","28,588.00","28,622.00","28,474.00","-","-0.03%"
"Oct 08, 2004","28,588.00","28,659.00","28,830.00","28,563.00","-","-0.25%"
"Oct 07, 2004","28,659.00","28,579.00","28,727.00","28,579.00","-","0.28%"
"Oct 06, 2004","28,579.00","28,621.00","28,674.00","28,484.00","-","-0.15%"
"Oct 05, 2004","28,621.00","28,515.00","28,641.00","28,416.00","-","0.37%"
"Oct 04, 2004","28,515.00","28,324.00","28,565.00","28,324.00","-","0.67%"
"Oct 01, 2004","28,324.00","27,794.00","28,324.00","27,794.00","-","1.91%"
"Sep 30, 2004","27,794.00","28,019.00","28,161.00","27,794.00","-","-0.80%"
"Sep 29, 2004","28,019.00","27,959.00","28,111.00","27,958.00","-","0.21%"
"Sep 28, 2004","27,959.00","27,824.00","27,963.00","27,713.00","-","0.49%"
"Sep 27, 2004","27,824.00","27,983.00","27,983.00","27,770.00","-","-0.57%"
"Sep 24, 2004","27,983.00","27,918.00","28,007.00","27,825.00","-","0.23%"
"Sep 23, 2004","27,918.00","27,984.00","28,014.00","27,847.00","-","-0.24%"
"Sep 22, 2004","27,984.00","28,093.00","28,192.00","27,966.00","-","-0.39%"
"Sep 21, 2004","28,093.00","27,904.00","28,112.00","27,904.00","-","0.68%"
"Sep 20, 2004","27,904.00","27,934.00","27,968.00","27,811.00","-","-0.11%"
"Sep 17, 2004","27,934.00","27,745.00","27,987.00","27,643.00","-","0.68%"
"Sep 16, 2004","27,745.00","27,717.00","27,825.00","27,678.00","-","0.10%"
"Sep 15, 2004","27,717.00","27,767.00","27,905.00","27,673.00","-","-0.18%"
"Sep 14, 2004","27,767.00","27,835.00","27,835.00","27,696.00","-","-0.24%"
"Sep 13, 2004","27,835.00","27,590.00","27,852.00","27,590.00","-","0.89%"
"Sep 10, 2004","27,590.00","27,466.00","27,636.00","27,466.00","-","0.45%"
"Sep 09, 2004","27,466.00","27,610.00","27,610.00","27,353.00","-","-0.52%"
"Sep 08, 2004","27,610.00","27,627.00","27,647.00","27,532.00","-","-0.06%"
"Sep 07, 2004","27,627.00","27,659.00","27,717.00","27,522.00","-","-0.12%"
"Sep 06, 2004","27,659.00","27,666.00","27,761.00","27,617.00","-","-0.03%"
"Sep 03, 2004","27,666.00","27,377.00","27,700.00","27,328.00","-","1.06%"
"Sep 02, 2004","27,377.00","27,171.00","27,443.00","27,105.00","-","0.76%"
"Sep 01, 2004","27,171.00","26,913.00","27,188.00","26,913.00","-","0.96%"
"Aug 31, 2004","26,913.00","27,009.00","27,070.00","26,890.00","-","-0.36%"
"Aug 30, 2004","27,009.00","27,084.00","27,102.00","26,957.00","-","-0.28%"
"Aug 27, 2004","27,084.00","26,923.00","27,084.00","26,903.00","-","0.60%"
"Aug 26, 2004","26,923.00","26,805.00","27,002.00","26,805.00","-","0.44%"
"Aug 25, 2004","26,805.00","26,730.00","26,881.00","26,730.00","-","0.28%"
"Aug 24, 2004","26,730.00","26,718.00","26,864.00","26,691.00","-","0.04%"
"Aug 23, 2004","26,718.00","26,421.00","26,750.00","26,421.00","-","1.12%"
"Aug 20, 2004","26,421.00","26,508.00","26,543.00","26,306.00","-","-0.33%"
"Aug 19, 2004","26,508.00","26,482.00","26,673.00","26,453.00","-","0.10%"
"Aug 18, 2004","26,482.00","26,447.00","26,521.00","26,320.00","-","0.13%"
"Aug 17, 2004","26,447.00","26,450.00","26,581.00","26,382.00","-","-0.01%"
"Aug 16, 2004","26,450.00","26,198.00","26,489.00","26,040.00","-","0.96%"
"Aug 13, 2004","26,198.00","26,249.00","26,288.00","26,065.00","-","-0.19%"
"Aug 12, 2004","26,249.00","26,310.00","26,498.00","26,159.00","-","-0.23%"
"Aug 11, 2004","26,310.00","26,581.00","26,631.00","26,143.00","-","-1.02%"
"Aug 10, 2004","26,581.00","26,419.00","26,608.00","26,406.00","-","0.61%"
"Aug 09, 2004","26,419.00","26,652.00","26,653.00","26,319.00","-","-0.87%"
"Aug 06, 2004","26,652.00","27,126.00","27,126.00","26,597.00","-","-1.75%"
"Aug 05, 2004","27,126.00","27,250.00","27,334.00","27,126.00","-","-0.46%"
"Aug 04, 2004","27,250.00","27,507.00","27,507.00","27,152.00","-","-0.93%"
"Aug 03, 2004","27,507.00","27,429.00","27,571.00","27,429.00","-","0.28%"
"Aug 02, 2004","27,429.00","27,538.00","27,538.00","27,332.00","-","-0.40%"
"Jul 30, 2004","27,538.00","27,397.00","27,618.00","27,328.00","-","0.51%"
"Jul 29, 2004","27,397.00","27,061.00","27,449.00","27,061.00","-","1.24%"
"Jul 28, 2004","27,061.00","27,078.00","27,246.00","26,991.00","-","-0.06%"
"Jul 27, 2004","27,078.00","26,886.00","27,082.00","26,886.00","-","0.71%"
"Jul 26, 2004","26,886.00","27,128.00","27,255.00","26,864.00","-","-0.89%"
"Jul 23, 2004","27,128.00","27,136.00","27,254.00","27,073.00","-","-0.03%"
"Jul 22, 2004","27,136.00","27,499.00","27,499.00","27,124.00","-","-1.32%"
"Jul 21, 2004","27,499.00","27,381.00","27,613.00","27,381.00","-","0.43%"
"Jul 20, 2004","27,381.00","27,329.00","27,415.00","27,144.00","-","0.19%"
"Jul 19, 2004","27,329.00","27,436.00","27,462.00","27,297.00","-","-0.39%"
"Jul 16, 2004","27,436.00","27,434.00","27,581.00","27,395.00","-","0.01%"
"Jul 15, 2004","27,434.00","27,645.00","27,645.00","27,434.00","-","-0.76%"
"Jul 14, 2004","27,645.00","27,772.00","27,772.00","27,452.00","-","-0.46%"
"Jul 13, 2004","27,772.00","27,728.00","27,850.00","27,728.00","-","0.16%"
"Jul 12, 2004","27,728.00","27,929.00","27,981.00","27,707.00","-","-0.72%"
"Jul 09, 2004","27,929.00","27,844.00","27,962.00","27,688.00","-","0.31%"
"Jul 08, 2004","27,844.00","27,751.00","27,844.00","27,569.00","-","0.34%"
"Jul 07, 2004","27,751.00","27,795.00","27,892.00","27,702.00","-","-0.16%"
"Jul 06, 2004","27,795.00","27,941.00","27,993.00","27,737.00","-","-0.52%"
"Jul 05, 2004","27,941.00","27,909.00","28,000.00","27,893.00","-","0.11%"
"Jul 02, 2004","27,909.00","27,940.00","27,979.00","27,839.00","-","-0.11%"
"Jul 01, 2004","27,940.00","28,092.00","28,329.00","27,928.00","-","-0.54%"
"Jun 30, 2004","28,092.00","28,234.00","28,292.00","28,086.00","-","-0.50%"
"Jun 29, 2004","28,234.00","28,310.00","28,310.00","28,114.00","-","-0.27%"
"Jun 28, 2004","28,310.00","28,194.00","28,339.00","28,099.00","-","0.41%"
"Jun 25, 2004","28,194.00","28,149.00","28,674.00","28,070.00","-","0.16%"
"Jun 24, 2004","28,149.00","27,996.00","28,270.00","27,996.00","-","0.55%"
"Jun 23, 2004","27,996.00","27,892.00","28,118.00","27,892.00","-","0.37%"
"Jun 22, 2004","27,892.00","28,054.00","28,057.00","27,849.00","-","-0.58%"
"Jun 21, 2004","28,054.00","28,297.00","28,297.00","27,956.00","-","-0.86%"
"Jun 18, 2004","28,297.00","28,242.00","28,299.00","28,097.00","-","0.19%"
"Jun 17, 2004","28,242.00","28,162.00","28,316.00","28,126.00","-","0.28%"
"Jun 16, 2004","28,162.00","28,053.00","28,233.00","28,053.00","-","0.39%"
"Jun 15, 2004","28,053.00","27,729.00","28,078.00","27,729.00","-","1.17%"
"Jun 14, 2004","27,729.00","27,933.00","27,933.00","27,661.00","-","-0.73%"
"Jun 11, 2004","27,933.00","27,955.00","27,971.00","27,851.00","-","-0.08%"
"Jun 10, 2004","27,955.00","27,783.00","27,978.00","27,755.00","-","0.62%"
"Jun 09, 2004","27,783.00","27,841.00","27,957.00","27,758.00","-","-0.21%"
"Jun 08, 2004","27,841.00","27,781.00","27,934.00","27,781.00","-","0.22%"
"Jun 07, 2004","27,781.00","27,532.00","27,822.00","27,532.00","-","0.90%"
"Jun 04, 2004","27,532.00","27,315.00","27,569.00","27,315.00","-","0.79%"
"Jun 03, 2004","27,315.00","27,329.00","27,344.00","27,212.00","-","-0.05%"
"Jun 02, 2004","27,329.00","27,231.00","27,481.00","27,231.00","-","0.36%"
"Jun 01, 2004","27,231.00","27,355.00","27,411.00","27,157.00","-","-0.45%"
"May 31, 2004","27,355.00","27,344.00","27,407.00","27,240.00","-","0.04%"
"May 28, 2004","27,344.00","27,378.00","27,483.00","27,290.00","-","-0.12%"
"May 27, 2004","27,378.00","27,267.00","27,514.00","27,267.00","-","0.41%"
"May 26, 2004","27,267.00","26,989.00","27,338.00","26,989.00","-","1.03%"
"May 25, 2004","26,989.00","27,101.00","27,101.00","26,920.00","-","-0.41%"
"May 24, 2004","27,101.00","27,373.00","27,373.00","26,939.00","-","-0.99%"
"May 21, 2004","27,373.00","27,435.00","27,704.00","27,275.00","-","-0.23%"
"May 20, 2004","27,435.00","27,526.00","27,526.00","27,259.00","-","-0.33%"
"May 19, 2004","27,526.00","27,080.00","27,574.00","27,080.00","-","1.65%"
"May 18, 2004","27,080.00","26,959.00","27,108.00","26,959.00","-","0.45%"
"May 17, 2004","26,959.00","27,289.00","27,289.00","26,784.00","-","-1.21%"
"May 14, 2004","27,289.00","27,395.00","27,453.00","27,114.00","-","-0.39%"
"May 13, 2004","27,395.00","27,111.00","27,423.00","27,111.00","-","1.05%"
"May 12, 2004","27,111.00","27,405.00","27,459.00","27,110.00","-","-1.07%"
"May 11, 2004","27,405.00","27,069.00","27,408.00","27,069.00","-","1.24%"
"May 10, 2004","27,069.00","27,687.00","27,687.00","26,980.00","-","-2.23%"
"May 07, 2004","27,687.00","27,734.00","27,824.00","27,470.00","-","-0.17%"
"May 06, 2004","27,734.00","28,318.00","28,318.00","27,734.00","-","-2.06%"
"May 05, 2004","28,318.00","28,158.00","28,358.00","28,107.00","-","0.57%"
"May 04, 2004","28,158.00","28,232.00","28,264.00","28,086.00","-","-0.26%"
"May 03, 2004","28,232.00","28,020.00","28,239.00","27,894.00","-","0.76%"
"Apr 30, 2004","28,020.00","28,111.00","28,111.00","27,937.00","-","-0.32%"
"Apr 29, 2004","28,111.00","28,294.00","28,322.00","27,981.00","-","-0.65%"
"Apr 28, 2004","28,294.00","28,542.00","28,622.00","28,294.00","-","-0.87%"
"Apr 27, 2004","28,542.00","28,550.00","28,640.00","28,473.00","-","-0.03%"
"Apr 26, 2004","28,550.00","28,489.00","28,713.00","28,489.00","-","0.21%"
"Apr 23, 2004","28,489.00","28,416.00","28,601.00","28,416.00","-","0.26%"
"Apr 22, 2004","28,416.00","28,257.00","28,438.00","28,172.00","-","0.56%"
"Apr 21, 2004","28,257.00","28,437.00","28,437.00","28,224.00","-","-0.63%"
"Apr 20, 2004","28,437.00","28,262.00","28,547.00","28,262.00","-","0.62%"
"Apr 19, 2004","28,262.00","28,488.00","28,488.00","28,095.00","-","-0.31%"
"Apr 16, 2004","28,350.00","28,200.00","28,375.00","28,124.00","-","0.53%"
"Apr 15, 2004","28,200.00","28,232.00","28,329.00","28,108.00","-","-0.11%"
"Apr 14, 2004","28,232.00","28,430.00","28,430.00","28,069.00","-","-0.70%"
"Apr 13, 2004","28,430.00","27,985.00","28,506.00","27,985.00","-","1.59%"
"Apr 12, 2004","27,985.00","27,985.00","27,985.00","27,985.00","-","0.00%"
"Apr 09, 2004","27,985.00","27,985.00","27,985.00","27,985.00","-","0.00%"
"Apr 08, 2004","27,985.00","27,888.00","28,133.00","27,888.00","-","0.35%"
"Apr 07, 2004","27,888.00","27,997.00","28,127.00","27,888.00","-","-0.39%"
"Apr 06, 2004","27,997.00","28,072.00","28,171.00","27,900.00","-","-0.27%"
"Apr 05, 2004","28,072.00","27,877.00","28,175.00","27,849.00","-","0.70%"
"Apr 02, 2004","27,877.00","27,400.00","27,898.00","27,346.00","-","1.74%"
"Apr 01, 2004","27,400.00","27,148.00","27,400.00","27,116.00","-","0.93%"
"Mar 31, 2004","27,148.00","27,181.00","27,374.00","27,127.00","-","-0.12%"
"Mar 30, 2004","27,181.00","27,250.00","27,286.00","27,068.00","-","-0.25%"
"Mar 29, 2004","27,250.00","26,869.00","27,268.00","26,860.00","-","1.42%"
"Mar 26, 2004","26,869.00","26,834.00","26,955.00","26,740.00","-","0.13%"
"Mar 25, 2004","26,834.00","26,479.00","26,834.00","26,479.00","-","1.34%"
"Mar 24, 2004","26,479.00","26,472.00","26,608.00","26,263.00","-","0.03%"
"Mar 23, 2004","26,472.00","26,470.00","26,648.00","26,396.00","-","0.01%"
"Mar 22, 2004","26,470.00","26,858.00","26,858.00","26,308.00","-","-1.44%"
"Mar 19, 2004","26,858.00","26,837.00","27,081.00","26,730.00","-","0.08%"
"Mar 18, 2004","26,837.00","27,209.00","27,263.00","26,782.00","-","-1.37%"
"Mar 17, 2004","27,209.00","26,952.00","27,246.00","26,952.00","-","0.95%"
"Mar 16, 2004","26,952.00","26,961.00","27,046.00","26,659.00","-","0.26%"
"Mar 15, 2004","26,881.00","27,548.00","27,548.00","26,871.00","-","-2.42%"
"Mar 12, 2004","27,548.00","27,695.00","27,695.00","27,185.00","-","-0.53%"
"Mar 11, 2004","27,695.00","28,350.00","28,350.00","27,645.00","-","-2.31%"
"Mar 10, 2004","28,350.00","28,341.00","28,400.00","28,201.00","-","0.03%"
"Mar 09, 2004","28,341.00","28,443.00","28,443.00","28,283.00","-","-0.36%"
"Mar 08, 2004","28,443.00","28,359.00","28,492.00","28,359.00","-","0.30%"
"Mar 05, 2004","28,359.00","28,323.00","28,405.00","28,195.00","-","0.13%"
"Mar 04, 2004","28,323.00","28,209.00","28,355.00","28,209.00","-","0.40%"
"Mar 03, 2004","28,209.00","28,290.00","28,329.00","28,171.00","-","-0.29%"
"Mar 02, 2004","28,290.00","28,188.00","28,290.00","28,163.00","-","0.36%"
"Mar 01, 2004","28,188.00","27,957.00","28,195.00","27,957.00","-","0.83%"
"Feb 27, 2004","27,957.00","27,881.00","28,152.00","27,881.00","-","0.27%"
"Feb 26, 2004","27,881.00","27,806.00","27,921.00","27,739.00","-","0.27%"
"Feb 25, 2004","27,806.00","27,750.00","27,867.00","27,724.00","-","0.20%"
"Feb 24, 2004","27,750.00","27,932.00","27,935.00","27,640.00","-","-0.65%"
"Feb 23, 2004","27,932.00","27,807.00","27,980.00","27,807.00","-","0.45%"
"Feb 20, 2004","27,807.00","28,013.00","28,038.00","27,743.00","-","-0.74%"
"Feb 19, 2004","28,013.00","27,836.00","28,106.00","27,836.00","-","0.64%"
"Feb 18, 2004","27,836.00","27,849.00","27,904.00","27,781.00","-","-0.05%"
"Feb 17, 2004","27,849.00","27,672.00","27,942.00","27,672.00","-","0.64%"
"Feb 16, 2004","27,672.00","27,579.00","27,684.00","27,533.00","-","0.34%"
"Feb 13, 2004","27,579.00","27,880.00","27,895.00","27,535.00","-","-1.08%"
"Feb 12, 2004","27,880.00","27,902.00","28,054.00","27,761.00","-","-0.08%"
"Feb 11, 2004","27,902.00","27,906.00","27,968.00","27,831.00","-","-0.01%"
"Feb 10, 2004","27,906.00","27,897.00","27,931.00","27,785.00","-","0.03%"
"Feb 09, 2004","27,897.00","27,587.00","27,917.00","27,587.00","-","1.12%"
"Feb 06, 2004","27,587.00","27,525.00","27,659.00","27,432.00","-","0.23%"
"Feb 05, 2004","27,525.00","27,677.00","27,815.00","27,494.00","-","-0.55%"
"Feb 04, 2004","27,677.00","27,655.00","27,755.00","27,548.00","-","0.08%"
"Feb 03, 2004","27,655.00","27,840.00","27,843.00","27,536.00","-","-0.66%"
"Feb 02, 2004","27,840.00","27,774.00","27,920.00","27,730.00","-","0.24%"
"Jan 30, 2004","27,774.00","28,033.00","28,104.00","27,712.00","-","-0.92%"
"Jan 29, 2004","28,033.00","28,308.00","28,308.00","28,012.00","-","-0.97%"
"Jan 28, 2004","28,308.00","28,240.00","28,329.00","28,116.00","-","0.24%"
"Jan 27, 2004","28,240.00","28,114.00","28,407.00","28,114.00","-","0.45%"
"Jan 26, 2004","28,114.00","28,130.00","28,148.00","27,998.00","-","-0.06%"
"Jan 23, 2004","28,130.00","28,095.00","28,238.00","28,036.00","-","0.12%"
"Jan 22, 2004","28,095.00","28,137.00","28,243.00","27,976.00","-","-0.15%"
"Jan 21, 2004","28,137.00","28,040.00","28,158.00","27,993.00","-","0.35%"
"Jan 20, 2004","28,040.00","28,133.00","28,259.00","28,015.00","-","-0.33%"
"Jan 19, 2004","28,133.00","27,861.00","28,143.00","27,861.00","-","0.98%"
"Jan 16, 2004","27,861.00","27,742.00","27,967.00","27,742.00","-","0.43%"
"Jan 15, 2004","27,742.00","27,631.00","27,775.00","27,482.00","-","0.40%"
"Jan 14, 2004","27,631.00","27,393.00","27,686.00","27,391.00","-","0.87%"
"Jan 13, 2004","27,393.00","27,471.00","27,674.00","27,368.00","-","-0.28%"
"Jan 12, 2004","27,471.00","27,441.00","27,490.00","27,303.00","-","0.11%"
"Jan 09, 2004","27,441.00","27,503.00","27,636.00","27,218.00","-","-0.23%"
"Jan 08, 2004","27,503.00","27,187.00","27,532.00","27,187.00","-","1.16%"
"Jan 07, 2004","27,187.00","27,652.00","27,652.00","27,148.00","-","-1.68%"
"Jan 06, 2004","27,652.00","27,530.00","27,662.00","27,421.00","-","0.44%"
"Jan 05, 2004","27,530.00","27,384.00","27,563.00","27,292.00","-","0.53%"
"Jan 02, 2004","27,384.00","26,887.00","27,384.00","26,887.00","-","1.85%"
"Jan 01, 2004","26,887.00","26,887.00","26,887.00","26,887.00","-","0.00%"
"Dec 31, 2003","26,887.00","26,887.00","26,887.00","26,887.00","-","0.00%"
"Dec 30, 2003","26,887.00","27,020.00","27,197.00","26,887.00","-","-0.49%"
"Dec 29, 2003","27,020.00","26,855.00","27,023.00","26,815.00","-","0.61%"
"Dec 26, 2003","26,856.00","26,856.00","26,856.00","26,856.00","-","0.00%"
"Dec 25, 2003","26,856.00","26,856.00","26,856.00","26,856.00","-","0.00%"
"Dec 24, 2003","26,856.00","26,856.00","26,856.00","26,856.00","-","0.00%"
"Dec 23, 2003","26,856.00","26,884.00","26,930.00","26,754.00","-","-0.10%"
"Dec 22, 2003","26,884.00","27,378.00","27,378.00","26,874.00","-","-1.80%"
"Dec 19, 2003","27,378.00","27,632.00","27,693.00","27,303.00","-","-0.92%"
"Dec 18, 2003","27,632.00","27,486.00","27,649.00","27,425.00","-","0.53%"
"Dec 17, 2003","27,486.00","27,459.00","27,526.00","27,387.00","-","0.10%"
"Dec 16, 2003","27,459.00","27,537.00","27,537.00","27,324.00","-","-0.28%"
"Dec 15, 2003","27,537.00","27,368.00","27,744.00","27,368.00","-","0.62%"
"Dec 12, 2003","27,368.00","27,501.00","27,661.00","27,243.00","-","-0.48%"
"Dec 11, 2003","27,501.00","27,282.00","27,513.00","27,282.00","-","0.80%"
"Dec 10, 2003","27,282.00","27,489.00","27,491.00","27,236.00","-","-0.75%"
"Dec 09, 2003","27,489.00","27,488.00","27,671.00","27,477.00","-","0.00%"
"Dec 08, 2003","27,488.00","27,620.00","27,620.00","27,415.00","-","-0.48%"
"Dec 05, 2003","27,620.00","27,807.00","27,849.00","27,528.00","-","-0.67%"
"Dec 04, 2003","27,807.00","27,650.00","27,833.00","27,569.00","-","0.57%"
"Dec 03, 2003","27,650.00","27,453.00","27,704.00","27,429.00","-","0.72%"
"Dec 02, 2003","27,453.00","27,478.00","27,522.00","27,356.00","-","-0.09%"
"Dec 01, 2003","27,478.00","27,156.00","27,500.00","27,156.00","-","1.19%"
"Nov 28, 2003","27,156.00","27,089.00","27,227.00","26,965.00","-","0.25%"
"Nov 27, 2003","27,089.00","26,939.00","27,141.00","26,939.00","-","0.56%"
"Nov 26, 2003","26,939.00","26,927.00","27,194.00","26,927.00","-","0.04%"
"Nov 25, 2003","26,927.00","26,869.00","27,019.00","26,831.00","-","0.22%"
"Nov 24, 2003","26,869.00","26,367.00","26,890.00","26,367.00","-","1.90%"
"Nov 21, 2003","26,367.00","26,368.00","26,400.00","26,257.00","-","-0.00%"
"Nov 20, 2003","26,368.00","26,447.00","26,567.00","26,116.00","-","-0.30%"
"Nov 19, 2003","26,447.00","26,505.00","26,505.00","26,264.00","-","-0.22%"
"Nov 18, 2003","26,505.00","26,357.00","26,644.00","26,357.00","-","0.56%"
"Nov 17, 2003","26,357.00","26,782.00","26,782.00","26,343.00","-","-1.59%"
"Nov 14, 2003","26,782.00","26,672.00","26,874.00","26,645.00","-","0.41%"
"Nov 13, 2003","26,672.00","26,498.00","26,740.00","26,498.00","-","0.66%"
"Nov 12, 2003","26,498.00","26,361.00","26,533.00","26,361.00","-","0.52%"
"Nov 11, 2003","26,361.00","26,586.00","26,586.00","26,253.00","-","-0.85%"
"Nov 10, 2003","26,586.00","26,685.00","26,706.00","26,519.00","-","-0.31%"
"Nov 07, 2003","26,670.00","26,355.00","26,711.00","26,355.00","-","1.20%"
"Nov 06, 2003","26,355.00","26,216.00","26,434.00","26,131.00","-","0.53%"
"Nov 05, 2003","26,216.00","26,360.00","26,406.00","26,186.00","-","-0.55%"
"Nov 04, 2003","26,360.00","26,337.00","26,430.00","26,266.00","-","0.09%"
"Nov 03, 2003","26,337.00","25,973.00","26,337.00","25,973.00","-","147.44%"
"Oct 31, 2003","10,644.00","10,623.00","10,664.00","10,575.00","-","0.20%"
"Oct 30, 2003","10,623.00","10,554.00","10,698.00","10,531.00","-","0.65%"
"Oct 29, 2003","10,554.00","10,504.00","10,573.00","10,497.00","-","0.48%"
"Oct 28, 2003","10,504.00","10,430.00","10,507.00","10,430.00","-","0.71%"
"Oct 27, 2003","10,430.00","10,363.00","10,455.00","10,363.00","-","0.65%"
"Oct 24, 2003","10,363.00","10,355.00","10,392.00","10,321.00","-","0.08%"
"Oct 23, 2003","10,355.00","10,453.00","10,453.00","10,280.00","-","-0.94%"
"Oct 22, 2003","10,453.00","10,610.00","10,610.00","10,435.00","-","-1.48%"
"Oct 21, 2003","10,610.00","10,586.00","10,658.00","10,585.00","-","0.23%"
"Oct 20, 2003","10,586.00","10,583.00","10,624.00","10,551.00","-","0.03%"
"Oct 17, 2003","10,583.00","10,636.00","10,702.00","10,565.00","-","-0.50%"
"Oct 16, 2003","10,636.00","10,651.00","10,702.00","10,613.00","-","-0.14%"
"Oct 15, 2003","10,651.00","10,529.00","10,708.00","10,529.00","-","1.16%"
"Oct 14, 2003","10,529.00","10,533.00","10,572.00","10,497.00","-","-0.04%"
"Oct 13, 2003","10,533.00","10,421.00","10,558.00","10,421.00","-","1.07%"
"Oct 10, 2003","10,421.00","10,476.00","10,506.00","10,415.00","-","-0.53%"
"Oct 09, 2003","10,476.00","10,334.00","10,484.00","10,313.00","-","1.37%"
"Oct 08, 2003","10,334.00","10,326.00","10,395.00","10,295.00","-","0.08%"
"Oct 07, 2003","10,326.00","10,348.00","10,356.00","10,234.00","-","-0.21%"
"Oct 06, 2003","10,348.00","10,418.00","10,420.00","10,328.00","-","-0.67%"
"Oct 03, 2003","10,418.00","10,213.00","10,421.00","10,213.00","-","2.01%"
"Oct 02, 2003","10,213.00","10,227.00","10,306.00","10,173.00","-","-0.14%"
"Oct 01, 2003","10,227.00","10,088.00","10,227.00","10,068.00","-","1.38%"
"Sep 30, 2003","10,088.00","10,243.00","10,300.00","10,053.00","-","-1.51%"
"Sep 29, 2003","10,243.00","10,257.00","10,331.00","10,210.00","-","-0.14%"
"Sep 26, 2003","10,257.00","10,340.00","10,345.00","10,221.00","-","-0.80%"
"Sep 25, 2003","10,340.00","10,427.00","10,427.00","10,286.00","-","-0.83%"
"Sep 24, 2003","10,427.00","10,415.00","10,496.00","10,406.00","-","0.12%"
"Sep 23, 2003","10,415.00","10,436.00","10,471.00","10,344.00","-","-0.20%"
"Sep 22, 2003","10,436.00","10,693.00","10,693.00","10,409.00","-","-2.40%"
"Sep 19, 2003","10,693.00","10,698.00","10,724.00","10,643.00","-","-0.05%"
"Sep 18, 2003","10,698.00","10,571.00","10,698.00","10,567.00","-","1.20%"
"Sep 17, 2003","10,571.00","10,555.00","10,620.00","10,534.00","-","0.15%"
"Sep 16, 2003","10,555.00","10,455.00","10,562.00","10,440.00","-","0.96%"
"Sep 15, 2003","10,455.00","10,454.00","10,527.00","10,432.00","-","0.01%"
"Sep 12, 2003","10,454.00","10,493.00","10,568.00","10,414.00","-","-0.37%"
"Sep 11, 2003","10,493.00","10,483.00","10,544.00","10,430.00","-","0.10%"
"Sep 10, 2003","10,483.00","10,591.00","10,591.00","10,483.00","-","-1.02%"
"Sep 09, 2003","10,591.00","10,705.00","10,748.00","10,567.00","-","-1.06%"
"Sep 08, 2003","10,705.00","10,573.00","10,722.00","10,548.00","-","1.25%"
"Sep 05, 2003","10,573.00","10,585.00","10,612.00","10,517.00","-","-0.11%"
"Sep 04, 2003","10,585.00","10,595.00","10,637.00","10,533.00","-","-0.09%"
"Sep 03, 2003","10,595.00","10,462.00","10,623.00","10,462.00","-","1.27%"
"Sep 02, 2003","10,462.00","10,439.00","10,502.00","10,420.00","-","0.22%"
"Sep 01, 2003","10,439.00","10,346.00","10,464.00","10,346.00","-","0.90%"
"Aug 29, 2003","10,346.00","10,414.00","10,472.00","10,344.00","-","-0.65%"
"Aug 28, 2003","10,414.00","10,371.00","10,471.00","10,364.00","-","0.41%"
"Aug 27, 2003","10,371.00","10,307.00","10,372.00","10,307.00","-","0.62%"
"Aug 26, 2003","10,307.00","10,386.00","10,438.00","10,295.00","-","-0.76%"
"Aug 25, 2003","10,386.00","10,488.00","10,488.00","10,369.00","-","-0.97%"
"Aug 22, 2003","10,488.00","10,442.00","10,548.00","10,437.00","-","0.44%"
"Aug 21, 2003","10,442.00","10,447.00","10,515.00","10,441.00","-","-0.05%"
"Aug 20, 2003","10,447.00","10,512.00","10,512.00","10,400.00","-","-0.62%"
"Aug 19, 2003","10,512.00","10,504.00","10,554.00","10,457.00","-","0.08%"
"Aug 18, 2003","10,504.00","10,428.00","10,513.00","10,426.00","-","0.73%"
"Aug 15, 2003","10,428.00","10,428.00","10,428.00","10,428.00","-","0.00%"
"Aug 14, 2003","10,428.00","10,300.00","10,440.00","10,300.00","-","1.24%"
"Aug 13, 2003","10,300.00","10,285.00","10,383.00","10,280.00","-","0.15%"
"Aug 12, 2003","10,285.00","10,225.00","10,314.00","10,225.00","-","0.59%"
"Aug 11, 2003","10,225.00","10,149.00","10,255.00","10,149.00","-","0.75%"
"Aug 08, 2003","10,149.00","10,081.00","10,188.00","10,081.00","-","0.67%"
"Aug 07, 2003","10,081.00","10,074.00","10,115.00","10,009.00","-","0.07%"
"Aug 06, 2003","10,074.00","10,180.00","10,180.00","10,044.00","-","-1.04%"
"Aug 05, 2003","10,180.00","10,146.00","10,216.00","10,133.00","-","0.34%"
"Aug 04, 2003","10,146.00","10,212.00","11,692.00","10,090.00","-","-0.65%"
"Aug 01, 2003","10,212.00","10,299.00","10,320.00","10,205.00","-","-0.84%"
"Jul 31, 2003","10,299.00","10,196.00","10,330.00","10,147.00","-","1.26%"
"Jul 30, 2003","10,171.00","10,171.00","10,171.00","10,171.00","-","0.00%"
"Jul 29, 2003","10,171.00","10,278.00","10,318.00","10,123.00","-","-1.04%"
"Jul 28, 2003","10,278.00","10,174.00","10,347.00","10,174.00","-","1.02%"
"Jul 25, 2003","10,174.00","10,267.00","10,267.00","10,144.00","-","-0.91%"
"Jul 24, 2003","10,267.00","10,165.00","10,278.00","10,140.00","-","1.00%"
"Jul 23, 2003","10,165.00","10,198.00","10,253.00","10,132.00","-","-0.32%"
"Jul 22, 2003","10,198.00","10,167.00","10,222.00","10,118.00","-","0.30%"
"Jul 21, 2003","10,167.00","10,270.00","10,346.00","10,143.00","-","-0.60%"
"Jul 18, 2003","10,228.00","10,228.00","10,307.00","10,221.00","-","0.00%"
"Jul 17, 2003","10,228.00","10,285.00","10,285.00","10,182.00","-","-0.55%"
"Jul 16, 2003","10,285.00","10,324.00","10,392.00","10,253.00","-","-0.48%"
"Jul 15, 2003","10,335.00","10,335.00","10,335.00","10,335.00","-","0.00%"
"Jul 14, 2003","10,335.00","10,229.00","10,359.00","10,219.00","-","1.04%"
"Jul 11, 2003","10,229.00","10,129.00","10,238.00","10,078.00","-","0.99%"
"Jul 10, 2003","10,129.00","10,198.00","10,203.00","10,102.00","-","-0.68%"
"Jul 09, 2003","10,198.00","10,270.00","10,312.00","10,181.00","-","-0.70%"
"Jul 08, 2003","10,270.00","10,253.00","10,333.00","10,213.00","-","0.17%"
"Jul 07, 2003","10,253.00","10,006.00","10,257.00","10,006.00","-","2.47%"
"Jul 04, 2003","10,006.00","9,963.00","10,033.00","9,931.00","-","0.43%"
"Jul 03, 2003","9,963.00","10,001.00","10,083.00","9,905.00","-","-0.38%"
"Jul 02, 2003","10,001.00","9,916.00","10,061.00","9,916.00","-","0.82%"
"Jul 01, 2003","9,920.00","10,135.00","10,167.00","9,885.00","-","-1.91%"
"Jun 30, 2003","10,113.00","10,296.00","10,350.00","10,113.00","-","-1.78%"
"Jun 27, 2003","10,296.00","10,304.00","10,368.00","10,296.00","-","-0.08%"
"Jun 26, 2003","10,304.00","10,382.00","10,420.00","10,281.00","-","-0.75%"
"Jun 25, 2003","10,382.00","10,337.00","10,403.00","10,319.00","-","0.44%"
"Jun 24, 2003","10,337.00","10,279.00","10,351.00","10,252.00","-","0.56%"
"Jun 23, 2003","10,279.00","10,347.00","10,391.00","10,273.00","-","-2.61%"
"Jun 20, 2003","10,554.00","10,484.00","10,571.00","10,484.00","-","0.67%"
"Jun 19, 2003","10,484.00","10,595.00","10,632.00","10,463.00","-","-1.05%"
"Jun 18, 2003","10,595.00","10,505.00","10,597.00","10,490.00","-","0.86%"
"Jun 17, 2003","10,505.00","10,463.00","10,569.00","10,463.00","-","0.40%"
"Jun 16, 2003","10,463.00","10,311.00","10,463.00","10,266.00","-","1.47%"
"Jun 13, 2003","10,311.00","10,388.00","10,449.00","10,294.00","-","-0.74%"
"Jun 12, 2003","10,388.00","10,341.00","10,485.00","10,341.00","-","0.45%"
"Jun 11, 2003","10,341.00","10,258.00","10,362.00","10,258.00","-","0.81%"
"Jun 10, 2003","10,258.00","10,189.00","10,310.00","10,175.00","-","0.68%"
"Jun 09, 2003","10,189.00","10,306.00","10,322.00","10,163.00","-","-1.14%"
"Jun 06, 2003","10,306.00","10,203.00","10,361.00","10,203.00","-","1.01%"
"Jun 05, 2003","10,203.00","10,238.00","10,314.00","10,142.00","-","-0.34%"
"Jun 04, 2003","10,238.00","10,208.00","10,299.00","10,165.00","-","0.29%"
"Jun 03, 2003","10,208.00","10,326.00","10,295.00","10,161.00","-","-1.14%"